{
  "version": 1,
  "author": "Uri Shaked",
  "editor": "wokwi",
  "parts": [
    { "type": "wokwi-breadboard", "id": "bb1", "top": 83.4, "left": -266, "attrs": {} },
    { "type": "wokwi-esp32-devkit-v1", "id": "esp", "top": -158.5, "left": -5, "attrs": {} },
    {
      "type": "wokwi-dht22",
      "id": "dht1",
      "top": -172.5,
      "left": 167.4,
      "attrs": { "temperature": "57" }
    },
    {
      "type": "wokwi-photoresistor-sensor",
      "id": "ldr1",
      "top": -86.7,
      "left": -331.9,
      "rotate": 90,
      "attrs": {}
    },
    {
      "type": "wokwi-photoresistor-sensor",
      "id": "ldr2",
      "top": -86.7,
      "left": 311.3,
      "rotate": 90,
      "attrs": {}
    },
    {
      "type": "wokwi-buzzer",
      "id": "bz1",
      "top": -189.6,
      "left": -132.6,
      "attrs": { "volume": "0.1" }
    },
    {
      "type": "wokwi-servo",
      "id": "servo1",
      "top": -87.4,
      "left": -497.4,
      "rotate": 270,
      "attrs": {}
    }
  ],
  "connections": [
    [ "esp:TX0", "$serialMonitor:RX", "", [] ],
    [ "esp:RX0", "$serialMonitor:TX", "", [] ],
    [ "esp:3V3", "bb1:tp.31", "red", [ "v0", "h28.5" ] ],
    [ "bb1:tp.25", "bb1:tp.26", "red", [ "v0" ] ],
    [ "bb1:tn.26", "bb1:tn.25", "black", [ "v0" ] ],
    [ "esp:GND.1", "bb1:tn.33", "black", [ "h0" ] ],
    [ "dht1:VCC", "bb1:tp.36", "red", [ "v0" ] ],
    [ "dht1:GND", "bb1:tn.39", "black", [ "v0" ] ],
    [ "dht1:SDA", "esp:D15", "green", [ "v38.4", "h0.1" ] ],
    [ "ldr1:VCC", "bb1:tp.1", "red", [ "v0" ] ],
    [ "ldr1:GND", "bb1:tn.1", "black", [ "v0" ] ],
    [ "ldr1:AO", "esp:D32", "green", [ "v0" ] ],
    [ "ldr2:VCC", "bb1:tp.50", "red", [ "v0" ] ],
    [ "ldr2:GND", "bb1:tn.50", "black", [ "v0" ] ],
    [ "ldr2:AO", "esp:D33", "green", [ "v0" ] ],
    [ "bz1:2", "esp:D13", "green", [ "v0" ] ],
    [ "bz1:1", "bb1:tn.11", "black", [ "v0" ] ],
    [ "servo1:GND", "bb1:tn.7", "black", [ "v67.2", "h268.8" ] ],
    [ "servo1:V+", "bb1:tp.5", "red", [ "v57.6", "h0.1" ] ],
    [ "servo1:PWM", "esp:D4", "green", [ "v0" ] ]
  ],
  "dependencies": {}
}