{
  "version": 1,
  "author": "dulan devinda",
  "editor": "wokwi",
  "parts": [
    { "type": "wokwi-breadboard", "id": "bb1", "top": 64.2, "left": -64.4, "attrs": {} },
    { "type": "wokwi-breadboard-half", "id": "bb2", "top": 64.2, "left": -400.4, "attrs": {} },
    { "type": "board-esp32-devkit-c-v4", "id": "esp", "top": -172.8, "left": 513.64, "attrs": {} },
    {
      "type": "board-ssd1306",
      "id": "oled1",
      "top": 147.14,
      "left": 441.83,
      "attrs": { "i2cAddress": "0x3c" }
    },
    {
      "type": "wokwi-buzzer",
      "id": "bz1",
      "top": 50.4,
      "left": 261,
      "attrs": { "volume": "0.1" }
    },
    {
      "type": "wokwi-resistor",
      "id": "r1",
      "top": 138.35,
      "left": 297.6,
      "attrs": { "value": "100" }
    },
    { "type": "wokwi-led", "id": "led1", "top": 92.4, "left": 167, "attrs": { "color": "red" } },
    {
      "type": "wokwi-resistor",
      "id": "r2",
      "top": 138.35,
      "left": 192,
      "attrs": { "value": "220" }
    },
    {
      "type": "wokwi-pushbutton",
      "id": "btn1",
      "top": 147.5,
      "left": 55.1,
      "rotate": 90,
      "attrs": { "color": "red", "label": "CANCEL" }
    },
    {
      "type": "wokwi-resistor",
      "id": "r3",
      "top": 215.15,
      "left": 28.8,
      "attrs": { "value": "1000" }
    },
    {
      "type": "wokwi-pushbutton",
      "id": "btn2",
      "top": 147.5,
      "left": -156.1,
      "rotate": 90,
      "attrs": { "color": "green", "label": "DOWN" }
    },
    {
      "type": "wokwi-pushbutton",
      "id": "btn3",
      "top": 147.5,
      "left": -252.1,
      "rotate": 90,
      "attrs": { "color": "blue", "label": "OK/MENU" }
    },
    {
      "type": "wokwi-pushbutton",
      "id": "btn4",
      "top": 147.5,
      "left": -348.1,
      "rotate": 90,
      "attrs": { "color": "yellow", "label": "UP" }
    },
    {
      "type": "wokwi-resistor",
      "id": "r4",
      "top": 215.15,
      "left": -182.4,
      "attrs": { "value": "1000" }
    },
    {
      "type": "wokwi-resistor",
      "id": "r5",
      "top": 215.15,
      "left": -278.4,
      "attrs": { "value": "1000" }
    },
    {
      "type": "wokwi-resistor",
      "id": "r6",
      "top": 215.15,
      "left": -374.4,
      "attrs": { "value": "1000" }
    },
    {
      "type": "wokwi-dht22",
      "id": "dht1",
      "top": -230.1,
      "left": 23.4,
      "attrs": { "temperature": "29.4", "humidity": "37.5" }
    },
    { "type": "wokwi-led", "id": "led2", "top": 159.6, "left": 167, "attrs": { "color": "blue" } },
    {
      "type": "wokwi-led",
      "id": "led3",
      "top": 159.6,
      "left": 311,
      "attrs": { "color": "orange" }
    },
    {
      "type": "wokwi-resistor",
      "id": "r7",
      "top": 205.55,
      "left": 192,
      "attrs": { "value": "1000" }
    },
    {
      "type": "wokwi-resistor",
      "id": "r8",
      "top": 205.55,
      "left": 336,
      "attrs": { "value": "1000" }
    }
  ],
  "connections": [
    [ "esp:TX", "$serialMonitor:RX", "", [] ],
    [ "esp:RX", "$serialMonitor:TX", "", [] ],
    [ "esp:5V", "bb1:tp.43", "red", [ "h0" ] ],
    [ "esp:GND.1", "bb1:tn.42", "black", [ "h0" ] ],
    [ "bb1:tp.50", "bb1:bp.50", "red", [ "v0.3", "h85.6", "v182.4" ] ],
    [ "bb1:tn.50", "bb1:bn.50", "black", [ "v-0.1", "h66.4", "v174.1" ] ],
    [ "esp:21", "bb1:58t.a", "green", [ "h0" ] ],
    [ "esp:22", "bb1:57t.a", "blue", [ "h0" ] ],
    [ "bb1:tp.45", "bb1:56t.a", "red", [ "v0.3", "h8.8" ] ],
    [ "bb1:tn.45", "bb1:55t.a", "black", [ "v0" ] ],
    [ "esp:5", "bb1:42t.a", "gray", [ "h0" ] ],
    [ "esp:15", "bb1:31t.a", "gold", [ "v0", "h-364.8" ] ],
    [ "bb1:tn.16", "bb1:24t.d", "black", [ "v0" ] ],
    [ "bb1:35t.d", "bb1:bn.28", "black", [ "v0" ] ],
    [ "bb1:8b.h", "bb1:bp.5", "red", [ "h-19.2", "v48.9" ] ],
    [ "btn1:1.l", "bb1:tn.12", "black", [ "v0" ] ],
    [ "esp:34", "bb1:14t.a", "violet", [ "h0" ] ],
    [ "bb2:tp.25", "bb1:tp.1", "red", [ "v0" ] ],
    [ "bb2:tn.25", "bb1:tn.1", "black", [ "v0" ] ],
    [ "bb1:bp.1", "bb2:bp.25", "red", [ "v0" ] ],
    [ "bb2:bn.25", "bb1:bn.1", "black", [ "v0" ] ],
    [ "bb2:bp.1", "bb2:1b.i", "red", [ "v0" ] ],
    [ "bb2:bp.9", "bb2:11b.i", "red", [ "v0" ] ],
    [ "bb2:bp.17", "bb2:21b.i", "red", [ "v0" ] ],
    [ "bb2:9t.a", "bb2:tn.7", "black", [ "v0" ] ],
    [ "bb2:19t.a", "bb2:tn.15", "black", [ "v0" ] ],
    [ "bb2:29t.a", "bb2:tn.24", "black", [ "v0" ] ],
    [ "esp:35", "bb2:27t.a", "#8f4814", [ "h0" ] ],
    [ "esp:32", "bb2:17t.a", "#8f4814", [ "h0" ] ],
    [ "esp:33", "bb2:7t.a", "#8f4814", [ "h0" ] ],
    [ "dht1:GND", "bb1:tn.9", "black", [ "v0" ] ],
    [ "dht1:VCC", "bb1:tp.6", "red", [ "v0" ] ],
    [ "esp:12", "dht1:SDA", "green", [ "v0", "h-470.25" ] ],
    [ "bz1:1", "bb1:35t.c", "", [ "$bb" ] ],
    [ "bz1:2", "bb1:36t.c", "", [ "$bb" ] ],
    [ "r1:1", "bb1:36t.d", "", [ "$bb" ] ],
    [ "r1:2", "bb1:42t.d", "", [ "$bb" ] ],
    [ "r2:1", "bb1:25t.d", "", [ "$bb" ] ],
    [ "r2:2", "bb1:31t.d", "", [ "$bb" ] ],
    [ "btn1:1.l", "bb1:16t.d", "", [ "$bb" ] ],
    [ "btn1:2.l", "bb1:14t.d", "", [ "$bb" ] ],
    [ "btn1:1.r", "bb1:16b.i", "", [ "$bb" ] ],
    [ "btn1:2.r", "bb1:14b.i", "", [ "$bb" ] ],
    [ "r3:1", "bb1:8b.j", "", [ "$bb" ] ],
    [ "r3:2", "bb1:14b.j", "", [ "$bb" ] ],
    [ "btn2:1.l", "bb2:29t.d", "", [ "$bb" ] ],
    [ "btn2:2.l", "bb2:27t.d", "", [ "$bb" ] ],
    [ "btn2:1.r", "bb2:29b.i", "", [ "$bb" ] ],
    [ "btn2:2.r", "bb2:27b.i", "", [ "$bb" ] ],
    [ "btn3:1.l", "bb2:19t.d", "", [ "$bb" ] ],
    [ "btn3:2.l", "bb2:17t.d", "", [ "$bb" ] ],
    [ "btn3:1.r", "bb2:19b.i", "", [ "$bb" ] ],
    [ "btn3:2.r", "bb2:17b.i", "", [ "$bb" ] ],
    [ "btn4:1.l", "bb2:9t.d", "", [ "$bb" ] ],
    [ "btn4:2.l", "bb2:7t.d", "", [ "$bb" ] ],
    [ "btn4:1.r", "bb2:9b.i", "", [ "$bb" ] ],
    [ "btn4:2.r", "bb2:7b.i", "", [ "$bb" ] ],
    [ "r4:1", "bb2:21b.j", "", [ "$bb" ] ],
    [ "r4:2", "bb2:27b.j", "", [ "$bb" ] ],
    [ "r5:1", "bb2:11b.j", "", [ "$bb" ] ],
    [ "r5:2", "bb2:17b.j", "", [ "$bb" ] ],
    [ "r6:1", "bb2:1b.j", "", [ "$bb" ] ],
    [ "r6:2", "bb2:7b.j", "", [ "$bb" ] ],
    [ "oled1:GND", "bb1:55t.e", "", [ "$bb" ] ],
    [ "oled1:VCC", "bb1:56t.e", "", [ "$bb" ] ],
    [ "oled1:SCL", "bb1:57t.e", "", [ "$bb" ] ],
    [ "oled1:SDA", "bb1:58t.e", "", [ "$bb" ] ],
    [ "r7:1", "bb1:25b.i", "", [ "$bb" ] ],
    [ "r7:2", "bb1:31b.i", "", [ "$bb" ] ],
    [ "led3:A", "bb1:40b.h", "", [ "$bb" ] ],
    [ "led3:C", "bb1:39b.h", "", [ "$bb" ] ],
    [ "r8:1", "bb1:40b.i", "", [ "$bb" ] ],
    [ "r8:2", "bb1:46b.i", "", [ "$bb" ] ],
    [ "bb1:24b.i", "bb1:bn.19", "black", [ "v0" ] ],
    [ "bb1:39b.i", "bb1:bn.31", "black", [ "v0" ] ],
    [ "esp:16", "bb1:46b.j", "orange", [ "h67.2", "v316.8", "h-38.4" ] ],
    [ "esp:17", "bb1:31b.j", "blue", [ "h86.4", "v336", "h-451.2" ] ],
    [ "led1:A", "bb1:25t.c", "", [ "$bb" ] ],
    [ "led1:C", "bb1:24t.c", "", [ "$bb" ] ],
    [ "led2:A", "bb1:25b.h", "", [ "$bb" ] ],
    [ "led2:C", "bb1:24b.h", "", [ "$bb" ] ]
  ],
  "dependencies": {}
}